id;name;cas;main_compounds_id
1;(-)-limonene;5989-54-8;1
2;(+)-carvone;6485-40-1;2
3;(+)-menthol;2216-51-5;3
4;1,2,3-trimethylbenzene;526-73-8;4
5;1-butanol;71-36-3;5
6;1-butoxy-2-propanol;5131-66-8;6
7;1-dodecanol;112-53-8;7
8;1-octanol;111-87-5;8
9;1-propanol;71-23-8;9
10;2,3-heptanedione;96-04-8;10
11;2,5-dimethylpyrazine;123-32-0;11
12;2-methyl-1-butanol;137-32-6;12
13;3-hexanone;589-38-8;13
14;3-pentanol;584-02-1;14
15;alpha-pinene;80-56-8;15
16;2-Ethyl-3-methylpyrazine;;16
17;beta-pinene;127-91-3;17
18;"acetic acid";64-19-7;18
19;"butyric acid";107-92-6;19
20;coumarin;91-64-5;20
21;"dodecanoic acid";143-07-7;21
22;"ethyl decanoate";110-38-3;22
23;"ethyl dodecanoate";106-33-2;23
24;"ethyl hexadecanoate";628-97-7;24
25;"ethyl octadecanoate";111-61-5;25
26;"ethyl octanoate";106-32-1;26
27;"ethyl tetradecanoate";124-06-1;27
28;eugenol;97-53-0;28
29;farnesol;4602-84-0;29
30;geraniol;106-24-1;30
31;"heptanoic acid";111-14-8;31
32;2,6-Dimethylpyrazine;;32
33;"hexanoic acid";142-62-1;33
34;"isovaleric acid";503-74-2;34
35;"lactic acid";50-21-5;35
36;lilial;80-54-6;36
37;linalool;78-70-6;37
38;lyral;31906-04-4;38
39;melatonin;73-31-4;39
40;"methyl decanoate";110-42-9;40
41;"methyl dodecanoate";111-82-0;41
42;"methyl hexadecanoate";112-39-0;42
43;"methyl octadecanoate";112-61-8;43
44;"methyl octanoate";111-11-5;44
45;"methyl tetradecanoate";124-10-7;45
46;m-xylene;108-38-3;46
47;nonanal;124-19-6;47
48;(+/-)-Muscone;541-91-3;48
49;"octadecanoic acid";57-11-4;49
50;octanal;124-13-0;50
51;"octanoic acid";124-07-2;51
52;"palmitic acid";57-10-3;52
53;p-anisaldehyde;123-11-5;53
54;p-cymene;99-87-6;54
55;"pentadecanoic acid";1002-84-2;55
56;"propionic acid";79-09-4;56
57;sotolon;28664-35-9;57
58;"tetradecanoic acid";544-63-8;58
59;undecanal;112-44-7;59
60;vanillin;121-33-5;60
61;5H-5-Methyl-6,7-dihydrocyclopenta-[b]pyrazine;;61
62;2-Vinylpyrazine;;62
63;2,3-Dimethylpyrazine;;63
64;2,5-Dimethylpyrazine;;11
65;2-Methoxypyrazine;;64
66;2-Acetylpyrazine;;65
67;2-Methylpyrazine;;66
68;ambrettolide;;67
69;2-(Butan-2-yl)-3-methoxypyrazine;;68
70;5-Ethyl-2,3-dimethylpyrazine;;69
71;2,3-Diethyl-5-methylpyrazine;;70
72;"Methyl eugenol";;71
73;"heptanoic acid";;31
74;α-pinene;80-56-8;15
75;2,3-Diethylpyrazine;;72
76;1-dodecanol;112-53-9;7
77;1-dodecanol;112-53-10;7
78;1-dodecanol;112-53-11;7
79;1-dodecanol;112-53-12;7
80;2-Ethyl-3-methoxypyrazine;;73
81;undecanal;4602-84-0;59
82;β-pinene;127-91-3;17
83;tert-butylbenzene;98-06-6;74
84;3-Phenylbutyraldehyde;16251-77-7;75
85;nerol;106-25-2;76
86;exaltolide;;77
87;"1,2,3 trimethylbenzene";526-73-8;4
88;"hexanoic acid";142-62-2;33
89;"hexanoic acid";142-62-3;33
90;"hexanoic acid";142-62-4;33
91;habanolide;;78
92;"n-amyl acetate";628-63-7;79
93;Cyclohexanone;108-94-1;80
94;2-heptanone;110-43-0;81
95;acetophenone;98-86-2;82
96;2,4,5-trimethyl-2,5-dihydro-1,3-thiazole;60633-24-1;83
97;"musk xylol";;84
98;(-)-menthol;2216-51-5;85
99;(+)-menthol;15356-60-2;3
100;2-butanone;78-93-3;86
101;2-decenal;3913-71-1;87
102;2-ethylfenchol;18368-91-7;88
103;2-methoxy-4-methylphenol;93-51-6;89
104;"4-methylvaleric acid";646-07-1;90
105;androstenone;18339-16-7;91
106;bourgeonal;18127-01-0;92
107;"butyl acetate";123-86-4;93
108;"caproic acid";142-62-1;33
109;cineole;470-82-6;94
110;cis-3-hexen-1-ol;928-96-1;95
111;citral;5392-40-5;96
112;"decyl aldehyde";112-31-2;97
113;diacetyl;431-03-8;98
114;"diallyl sulfide";592-88-1;99
115;"diphenyl ether";101-84-8;100
116;"ethylene brassylate";105-95-3;101
117;"eugenol acetate";93-28-7;102
118;"eugenol methyl ether";93-15-2;71
119;(-)-Fenchone;7787-20-4;103
120;androstadienone;4075-07-4;104
121;"geranyl acetate";105-87-3;105
122;guaiacol;90-05-1;106
123;"heptyl acetate";112-06-1;107
124;"hexyl butyrate";2639-63-6;108
125;"isobornyl acetate";125-12-2;109
126;isobutyraldehyde;78-84-2;110
127;"isobutyric acid";79-31-2;111
128;isoeugenol;97-54-1;112
129;methanethiol;74-93-1;113
130;"methyl salicylate";119-36-8;114
131;"octyl acetate";112-14-1;115
132;"octyl aldehyde";124-13-0;50
133;pentadecalactone;106-02-5;77
134;"phenyl acetaldehyde";122-78-1;116
135;pyrazine;290-37-9;117
136;terpineol;98-55-5;118
137;"terpinyl acetate";80-26-2;119
138;"methyl benzoate";93-58-3;120
139;2,4-DNT;121-14-2;121
140;galaxolide;1222-05-5;122
141;2,4,5-trimethyl-4,5-dihydrothiazole;;123
142;2,3,5-Trimethylpyrazine;;124
143;2-Isopropyl-3-methoxypyrazine;;125
144;2-Isobutyl-3-methoxypyrazine;;126
145;"Pentanoic Acid";109-52-4;127
146;"Hexanoic Acid";142-62-1;33
147;2-isobutyl-3-methoxypyrazine;;126
148;2-isopropyl-3-methoxypyrazine;;125
149;trans-2-Nonenal;;128
150;diacetyl;;98
151;linalool;;37
152;nerol;;76
153;1-penten-3-one;;129
154;2,3-diethyl-5-methylpyrazine;;70
155;furaneol;;130
156;1-octen-3-one;;131
157;Methional;;132
158;isobutyraldehyde;;110
159;trimethylamine;;133
160;"musk ketone";;134
161;(2R/2S)-4-methoxy-2,5-dimethylfuran-3(2H)-one;;135
162;2-Acetyl-3-ethylpyrazine;;136
163;2-methylpyrazine;;66
164;2-ethylpyrazine;;137
165;trimethylpyrazine;;124
166;Nootkatone;4674-50-4;138
167;3-sec-butyl-2-methoxypyrazine;;68
168;2,3-diethylpyrazine;;72
169;helional;;139
170;nonanal;;47
171;decanal;;97
172;bourgeonal;;92
173;CARVEOL;;140
174;heptanal;;141
175;farnesol;;29
176;"3,7-dimethyl-6-octenoic acid";;142
177;menthone;;143
178;2,3-dimethylpyrazine;;63
179;2-heptanone;;81
180;nonanol;;144
181;"(-)carvyl acetate";;145
182;"Nonanoic acid";;146
183;"Octanoic acid";;51
184;octanal;;50
185;1-octen-3-ol;;147
186;methionol;;148
187;1,2-Dichloroethylene;;149
188;Hydroxy-citronellal;;150
189;"Heptanoic Acid";111-14-8;31
190;galaxolide;;122
191;tonalide;;151
192;celestolide;;152
193;cashmeran;;153
194;3,7-Dimethyl-2,6-octadienal;;154
195;(R)-(+)-citronellol;;155
196;Citralva;;156
197;2-Acetyl-3-methylpyrazine;;157
198;acetophenone;;82
199;"adipic acid";;158
200;"Succinic acid";;159
201;"Raspberry ketone";;160
202;(+/-)-Muscone;;48
203;(-)-(S)-Limonene;;1
204;butanethiol;;161
205;hexanol;;162
206;heptanol;;163
207;pentanol;;164
208;"2-bromo-octanoic acid";;165
209;"Heptanoic acid";;31
210;"2-bromo-hexanoic acid";;166
211;octanol;;8
212;hexanal;;167
213;phenylacetate;;168
214;1,4-cineole;;169
215;"Hexanoic acid";;33
216;Methyl-pentanal;;170
217;"2-bromovaleric acid";;171
218;(R)-Carvone;;172
219;"Octanoic Acid";124-07-2;51
220;"Citronellic acid";;142
221;"Citral dimethylacetal";;173
222;anisole;;174
223;"Isoamyl acetate";;175
224;(S)-Carvone;;2
225;"Isovaleric acid";;34
226;(S)-(-)-citronellol;;176
227;1,8-cineole;;94
228;pyrrolidine;;177
229;"Nonanoic Acid";112-05-0;146
230;(S)-(-)-citronellal;;178
231;(R)-(+)-citronellal;;179
232;"Bromobutyric acid";;180
233;"Valeric acid";;127
234;"butyric acid";;19
235;"2-methyl-butyric acid";;181
236;damascenone;;182
237;E,E-2,4-decadienal;;183
238;E,Z-2,6-nonadienal;;184
239;geraniol;;30
240;(E)-alpha-Ionone;;185
241;E,E-2,6-nonadienal;;186
242;Z-4-decenal;;187
243;Z-7-Decenal;;188
244;E-beta-damascone;;189
245;(-)-Myrtenal;;190
246;nerolidol;;191
247;(E)-beta-Ionone;;192
248;nerylacetate;;193
249;E-4-Decenal;;194
250;E,E-2,4-dodecadienal;;195
251;trans,trans-2,4-Nonadienal;;196
252;farnesene;;197
253;"Decanoic Acid";334-48-5;198
254;"Nonanedioic Acid";123-99-9;199
255;Eugenol;97-53-0;28
256;Acetophenone;98-86-2;82
257;D-Carvone;2244-16-8;2
258;"Butyl Butyrate";109-21-7;200
259;2-Pentanone;107-87-9;201
260;"Pentyl Acetate";628-63-7;79
261;Hexanol;111-27-3;162
262;Heptanol;111-70-6;163
263;Octanol;111-87-5;8
264;Nonanol;143-08-8;144
265;Pentanal;110-62-3;202
266;Heptanal;111-71-7;141
267;Nonanal;124-19-6;47
268;"Isovaleric Acid";503-74-2.;34
269;"1-Propanol, 2-[1-(3,3-dimethylcyclohexyl)ethoxy]-2-methyl-, 1-propanoate";141773-73-1;203
270;cyclopentadecane;;204
271;cyclopentadecanol;;205
272;3-Mercapto-2-methyloctan-1-ol;;206
273;cyclohexanone;;80
274;cyclodecanone;;207
275;cycloundecanone;;208
276;2-pentadecanone;;209
277;8-pentadecanone;;210
278;3-mercapto-2-methylpentan-1-ol;;211
279;L-Muscone;;212
280;D-Muscone;;213
281;anisaldehyde;123-11-5;53
282;"butyl anthranilate";7756-96-9;214
283;cinnamaldehyde;14371-10-9;215
284;"amyl butyrate";540-18-1;216
285;"caramel furanone";28664-35-9;57
286;(-)-citronellal;5949-05-3;178
287;"allyl phenylacetate";1797-74-6;217
288;beta-Ionone;14901-07-6;192
289;"3-phenyl propyl propionate";122-74-7;218
290;5,5-Dimethyl-1,3-cyclohexanedione;126-81-8;219
291;2-methyl-1-propanethiol;513-44-0;220
292;1-formylpiperidine;2591-86-8;221
293;"coffee difuran";4437-20-1;222
294;"thioglycolic acid";68-11-1;223
295;1-octanethiol;111-88-6;224
296;dihydrojasmone;1128-08-1;225
297;helional;1205-17-0;139
298;"hexyl octanoate";1117-55-1;226
299;benzene;71-43-2;227
300;(+)-dihydrocarvone;5524-05-0;228
301;"3-methylhex-2-enoic acid";35205-70-0;229
302;quinoline;91-22-5;230
303;"dicyclohexyl disulfide";2550-40-5;231
304;"nonanedioic acid";123-99-9;199
305;pyridine;110-86-1;232
306;(+)-carvone;2244-16-8;2
307;(+)-Sabinene;;233
308;(+/-)-α-Pinene;;15
309;"(+/-)-α-Terpineol, sum of isomers";;118
310;"(+/-)-β-Pinene, sum of isomers";;17
311;Fenchone;;234
312;5-methylhept-2-en-4-one;;235
313;(2E,6Z)-2,6-Nonadienal;;184
314;(2E,6Z)-Nona-2,6-dien-1-ol;;236
315;"(2R/2S)-2-Methylbutan-1-ol, sum of isomers";;12
316;"(2R/2S)-2-Methylbutylacetate, sum of isomers";;237
317;2-sulfanylpentan-3-one;;238
318;"(2R/2S)-4-Methoxy-2,5-dimethylfuran-3(2H)-one, sum of isomers";;135
319;"Rose oxide";;239
320;"(3R/3S)-3-Hydroxybutan-2-one, sum of isomers";;240
321;(3R/3S)-3-Methylnonane-2,4-dione;;241
322;"(3R/3S)-3-Sulfanylpentan-2-one, sum of isomers";;242
323;"4-Methyloctanoic acid";;243
324;"(4R/4S)-γ-Decalactone, sum of isomers";;244
325;"(4R/4S)-γ-Dodecalactone, sum of isomers";;245
326;(4R/4S)-γ-Nonalactone;;246
327;"(4R/4S)-γ-Octalactone, sum of isomers";;247
328;"(4R/4S)-γ-Undecalactone, sum of isomers";;248
329;"(-)-cis-Whiskey lactone";;249
330;Abhexone;;250
331;"(5R/5S)-δ-Dodecalactone, sum of isomers";;251
332;"(5R/5S)-δ-Octalactone, sum of isomers";;252
333;(E)-2-Decenal;;87
334;(E)-2-Heptenal;;253
335;(E)-2-Undecenal;;254
336;(E,E)-2,4-Decadienal;;183
337;(R)-α-Phellandrene;;255
338;"(R/S)-Limonene, sum of isomers";;256
339;(R/S)-Linalool;;37
340;(Z)-2-Nonenal;;257
341;(Z)-2-Octenal;;258
342;"(Z)-3-Hexen-1-yl acetate";;259
343;(Z)-3-Hexenal;;260
344;(Z)-3-Hexenol;;95
345;(Z)-4-Decenal;;187
346;(Z)-4-Heptenal;;261
347;(Z)-Octa-1,5-dien-3-one;;262
348;1,1-Diethoxyethane;;263
349;piperonal;;264
350;1,8-Cineol;;94
351;12-Methyltridecanal;;265
352;Estragole;;266
353;p-Anethole;;267
354;1-Methyl-4-(prop-1-en-2-yl)benzene;;268
355;1-Octen-3-one;;131
356;2-(butan-2-yl)-3-Methoxypyrazine;;68
357;2,4-Dimethylphenol;;269
358;2,6-Dimethoxyphenol;;270
359;2,6-Dimethylphenol;;271
360;p-Menthene-8-thiol;;272
361;2-Acetyl-2-thiazoline;;273
362;2-Aminoacetophenone;;274
363;2-Methoxy-3-(2-methylpropyl)pyrazine;;126
364;2-Methoxy-3-(propan-2-yl)pyrazine;;125
365;eugenol;;28
366;trans-Isoeugenol;;112
367;2-Methoxy-4-methylphenol;;89
368;2-Methoxy-5-methylphenol;;275
369;2-Methoxyphenol;;106
370;2-Methyl-3-(methyldisulfanyl)furan;;276
371;2-Methylbutanal;;277
372;"2-Methylbutanoic acid";;181
373;2-Methylfuran-3-thiol;;278
374;2-Methylphenol;;279
375;2-Methylpropanal;;110
376;"2-Methylpropanoic acid";;111
377;2-Pentylpyridine;;280
378;2-Phenylethanethiol;;281
379;2-Phenylethanol;;282
380;"2-Phenylethyl acetate";;283
381;2-Propionyl-1-pyrroline;;284
382;"3-(methylsulfanyl) Propanol (methionol)";;148
383;3-Ethylphenol;;285
384;maltol;;286
385;Sotolone;;57
386;Skatole;;287
387;"3-Methyl-3-sulfanylbutyl formate";;288
388;3-Methylbutan-1-ol;;289
389;3-Methylbutanal;;290
390;"3-Methylbutanoic acid";;34
391;"3-Methylbutyl acetate";;175
392;3-Methylheptan-4-one;;291
393;3-Methylphenol;;292
394;"3-Phenyl propionic acid";;293
395;3-Sulfanyl-1hexanol;;294
396;"3-Sulfanylhexyl acetate";;295
397;cuminaldehyde;;296
398;4-Ethenyl-2-methoxyphenol;;297
399;4-Ethenylphenol;;298
400;"4-Ethyloctanoic acid";;299
401;4-Ethylphenol;;300
402;Ethylvanillin;;301
403;"4-Hydroxy-3-methoxybenzaldehyde (vanillin)";;60
404;4-Methoxy-2-methylbutane-2-thiol;;302
405;para-anisaldehyde;;53
406;4-Methylacetophenone;;303
407;4-Methylphenol;;304
408;4-Propyl-2-methoxyphenol;;305
409;homofuraneol;;306
410;7-Methoxycoumarin;;307
411;"Acetic acid";;18
412;"Allyl methyl sulfide";;308
413;"Bis (methylsulfanyl)methane";;309
414;Butan-1-ol;;5
415;Butane-2,3-dione;;98
416;"Butanoic acid";;19
417;"Butyl acetate";;93
418;"Cinnamyl acetate";;310
419;"Cinnamyl alcohol";;311
420;Coumarin;;20
421;Decanal;;97
422;"Decanoic acid";;198
423;"Diallyl disulfide";;312
424;"Dimethyl sulfide";;313
425;"Dimethyl trisulfide";;314
426;"Dimethyl disulfide";;315
427;"Dipropyl disulfide";;316
428;"Dipropyl trisulfide";;317
429;E-2-Hexenal;;318
430;Ethanol;;319
431;"Ethyl (3R)-3-hydroxyhexanoate";;320
432;"Ethyl 2-methylbutanoate";;321
433;"Ethyl 2-methylpropanoate";;322
434;"Ethyl 3-(methylsulfanyl)propanoate";;323
435;"Ethyl 3-methylbutanoate";;324
436;"Ethyl 4-methylpentanoate";;325
437;"Ethyl acetate";;326
438;"Ethyl benzoate";;327
439;"Ethyl butanoate";;328
440;"Ethyl cinnamate";;329
441;"Ethyl caprate";;22
442;"Ethyl hexanoate";;330
443;"Ethyl octanoate";;26
444;"Ethyl pentanoate";;331
445;"Ethyl phenylacetate";;332
446;Ethylcyclohexanecarboxylate;;333
447;2-Furfurylthiol;;334
448;Geraniol;;30
449;Heptan-2-ol;;335
450;Hexan-1-ol;;162
451;Hexanal;;167
452;"Hexyl acetate";;336
453;"Methyl 2-methylpropanoate";;337
454;"Methyl benzoate";;120
455;"Methyl butanoate";;338
456;"Methyl propyl trisulfide";;339
457;Myrcene;;340
458;Nonan-2-one;;341
459;Nonanal;;47
460;Octanal;;50
461;Pent-1-en-3-one;;129
462;Pentan-2,3-dione;;342
463;"Pentanoic acid";;127
464;Phenylacetaldehyde;;116
465;Propanal;;343
466;"Propanoic acid";;56
467;Thiophen-2-ylmethanethiol;;344
468;"methyl cinnamate";;345
469;1-Octen-3-ol;;147
470;Nonan-1-ol;;144
471;"Furfuryl Sulfide";;346
472;"Furfuryl disulfide";;222
473;"Benzyl methyl disulfide";;347
474;"Furfuryl methyl disulfide";;348
475;"Benzyl methyl sulfide";;349
476;1-Phenylethanethiol;;350
477;"Benzyl mercaptan";;351
478;"Furfuryl methyl sulfide";;352
479;3-Phenylpropanol;;353
480;"Furfuryl alcohol";;354
481;"Benzyl alcohol";;355
482;Furfural;;356
483;2-Methyl-3-furanthiol;;278
484;"Ethyl 3-(methylthio)propanoate";;323
485;1-hexanol;;162
486;3-mercapto-1-hexanol;;294
487;2-methylbutan-1-ol;;12
488;Linalool;;37
489;"Ethyl 2-phenylacetate";;332
490;4-Vinylphenol;;298
491;"2-Methylbutyl acetate";;357
492;"(Z)-(3)-Hexenyl acetate";;259
493;"3-Mercaptohexyl acetate";;295
494;"3-Mercapto-3-methylbutyl formate";;288
495;"Ethyl cyclohexane-carboxylate";;333
496;"Ethyl 2-methyl-propanoate";;322
497;"Methyl cinnamate";;345
498;"Cinnamic alcohol";;311
499;2-Thiophene-methanethiol;;344
500;γ-Octalactone;;247
501;δ-Octalactone;;252
502;γ-Nonalactone;;246
503;γ-Decalactone;;244
504;γ-Undecalactone;;248
505;"Whiskey lactone";;358
506;2-Heptanol;;335
507;(E,Z)-2,6-Nonadienol;;359
508;1,8-Cineole;;94
509;4-Methoxy-2-methyl-2-butanethiol;;302
510;(E,Z)-2,6-Nonadienal;;184
511;2-Nonanone;;341
512;3-Methyl-2,4-nonanedione;;241
513;4-Methyl-acetophenone;;303
514;(R)-Limonene;;360
515;α-Phellandrene;;361
516;α-Terpineol;;118
517;Furaneol;;130
518;2,2-dimethyl-3(2H)-furanone;;362
519;3-methyl-2(5H)-furanone;;363
520;2,5-dimethylfuran-3-one;;364
521;(2E,6Z)-2,6-Nonadiena;;184
522;"(3R/3S)-Oct-1-en-3-ol, sum of isomers";;147
523;(R)-Carvone;6485-40-1;172
524;3-mercapto-2-methylpentan-1-ol;227456-27-1;211
525;2,3,5-Trimethylpyrazine;14667-55-1;124
526;"Allyl Phenyl acetate";1746-13-0;217
527;Sotolone;28664-35-9;57
528;Lyral;31906-04-4;38
529;"Butyric Acid";107-92-6;19
530;2,4,5-trimethyl-4,5-dihydrothiazole;4145-93-1;123
531;2-methyl-3-sulfanylpropan-1-ol;;365
532;2-Methyl-3-sulfanylheptan-1-ol;;366
533;2-methyl-3-sulfanylbutan-1-ol;;367
534;2-methyl-3-sulfanylhexan-1-ol;;368
535;(-)-(S)-Limonene;5989-54-8;1
536;3-Ethylphenol;620-17-7;285
537;trans-3,7-Dimethyl-2,6-octadien-1-ol;106-24-1;30
538;3,7-Dimethylocta-1,6-dien-3-ol;78-70-6;37
539;7-Methyl-3-methylene-1,6-octadiene;123-35-3;340
540;1,3,3-Trimethyl-2-oxabicyclo[2.2.2]octane;470-82-6;94
541;(R)-4-Isopropenyl-1-methyl-1-cyclohexene;5989-27-5;360
542;2-Methyl-5-propan-2-ylcyclohexa-1,3-diene;99-83-2;361
543;2-[(1S)-4-methylcyclohex-3-en-1-yl]propan-2-ol;10482-56-1;369
544;2-(4-Methyl-1-cyclohex-3-enyl)propan-2-ol;98-55-5;118
545;(1S,5S)-2,6,6-Trimethylbicyclo[3.1.1]hept-2-ene;7785-26-4;370
546;(1R,5R)-2,6,6-Trimethylbicyclo[3.1.1]hept-2-ene;7785-70-8;371
547;(1S,5S)-6,6-Dimethyl-2-methylenebicyclo[3.1.1]heptane;18172-67-3;372
548;(1R,5R)-6,6-Dimethyl-2-methylenebicyclo[3.1.1]heptane;19902-08-0;373
549;(1R)-(-)-Fenchone;7787-20-4;103
550;Sabinene;2009-00-9;374
551;E-beta-damascone;23726-91-2;189
552;1-(2,6,6-Trimethylcyclohexa-1,3-dien-1-yl)-2-buten-1-one;23696-85-7;375
553;(E)-beta-Ionone;14901-07-6;192
554;"Rose oxide";16409-43-1;239
555;4-Ethylphenol;123-07-9;300
556;2-Methylphenol;95-48-7;279
557;3-Methylphenol;108-39-4;292
558;4-Methylphenol;106-44-5;304
559;2,4-Dimethylphenol;105-67-9;269
560;2,6-Dimethylphenol;576-26-1;271
561;2-Methoxyphenol;90-05-1;106
562;2-Methoxy-4-methylphenol;93-51-6;89
563;2-Methoxy-5-methylphenol;1195-09-1;275
564;4-Ethyl-2-methoxyphenol;2785-89-9;376
565;2-Methoxy-4-propylphenol;2785-87-7;305
566;4-Ethenylphenol;2628-17-3;298
567;4-Ethenyl-2-methoxyphenol;7786-61-0;297
568;2,6-Dimethoxyphenol;91-10-1;270
569;2,3-Diethyl-5-methylpyrazine;18138-04-0;70
570;2-Methoxy-3-(2-methylpropyl)pyrazine;24683-00-9;126
571;2-Methoxy-3-propan-2-ylpyrazine;25773-40-4;125
572;2-(Butan-2-yl)-3-methoxypyrazine;24168-70-5;68
573;1-Pyrazin-2-ylethanone;22047-25-2;65
574;3-Sulfanylpentan-2-one;67633-97-0;242
575;2-sulfanylpentan-3-one;17042-24-9;238
576;"Ethyl 3-methylsulfanylpropanoate";13327-56-5;323
577;2-Furfurylthiol;98-02-2;334
578;2-Methylfuran-3-thiol;28588-74-1;278
579;2-Methyl-3-(methyldisulfanyl)furan;65505-17-1;276
580;Methional;3268-49-3;132
581;3-Methylthio-1-propanol;505-10-2;148
582;2-Phenylethanethiol;4410-99-5;281
583;Bis(methylsulfanyl)methane;1618-26-4;309
584;Thiophen-2-ylmethanethiol;6258-63-5;344
585;p-Menthene-8-thiol;71159-90-5;272
586;3-Sulfanylhexan-1-ol;51755-83-0;294
587;"3-Sulfanylhexyl acetate";136954-20-6;295
588;"(3-Methyl-3-sulfanylbutyl) formate";50746-10-6;288
589;4-Methyl-4-sulfanylpentan-2-one;19872-52-7;377
590;4-Methoxy-2-methylbutane-2-thiol;94087-83-9;302
591;Methylsulfanylmethane;75-18-3;313
592;"Dimethyl disulfide";624-92-0;315
593;(Methyltrisulfanyl)methane;3658-80-8;314
594;1-(Methyltrisulfanyl)propane;17619-36-2;339
595;1-(Propyldisulfanyl)propane;629-19-6;316
596;1-(Propyltrisulfanyl)propane;6028-61-1;317
597;3-(Methylsulfanylprop-1-ene;10152-76-8;308
598;"Diallyl disulfide";2179-57-9;312
599;Propanal;123-38-6;343
600;2-Methylpropanal;78-84-2;110
601;2-Methylbutanal;96-17-3;277
602;3-Methylbutanal;590-86-3;290
603;Hexanal;66-25-1;167
604;(E)-2-Hexenal;6728-26-3;318
605;(Z)-3-Hexenal;6789-80-6;260
606;(E)-2-Heptenal;18829-55-5;253
607;(Z)-4-Heptenal;6728-31-0;261
608;Octanal;124-13-0;50
609;(Z)-2-Octenal;20664-46-4;258
610;trans-2-Nonenal;18829-56-6;128
611;(Z)-2-Nonenal;60784-31-8;257
612;trans,trans-2,4-Nonadienal;5910-87-2;196
613;(E,Z)-2,4-Nonadienal;21661-99-4;378
614;(E,Z)-2,6-Nonadienal;557-48-2;184
615;Decanal;112-31-2;97
616;(E)-2-Decenal;3913-81-3;87
617;(Z)-4-Decenal;21662-09-9;187
618;(E,E)-2,4-Decadienal;25152-84-5;183
619;12-Methyltridecanal;75853-49-5;265
620;(E)-2-Undecenal;53448-07-0;254
621;Ethanal;75-07-0;379
622;2-Phenylacetaldehyde;122-78-1;116
623;trans-Isoeugenol;97-54-1;112
624;"Methyl eugenol";93-15-2;71
625;4-Hydroxy-3-methoxybenzaldehyde;121-33-5;60
626;Ethylvanillin;121-32-4;301
627;para-anisaldehyde;123-11-5;53
628;cuminaldehyde;122-03-2;296
629;"Methyl butanoate";623-42-7;338
630;"Methyl benzoate";93-58-3;120
631;"Methyl (E)-3-phenylprop-2-enoate";103-26-4;345
632;"Ethyl butanoate";105-54-4;328
633;"Ethyl pentanoate";539-82-2;331
634;"Ethyl hexanoate";123-66-0;330
635;"Ethyl octanoate";106-32-1;26
636;"Ethyl caprate";110-38-3;22
637;"Ethyl benzoate";93-89-0;327
638;"Ethyl cyclohexanecarboxylate";3289-28-9;333
639;"Ethyl (E)-3-phenylprop-2-enoate";103-36-6;329
640;"Ethyl 2-methylpropanoate";97-62-1;322
641;"Ethyl 2-methylbutanoate";7452-79-1;321
642;"Ethyl 3-methylbutanoate";108-64-5;324
643;"Ethyl 4-methylpentanoate";25415-67-2;325
644;"Ethyl (3R) 3-hydroxyhexanoate";2305-25-1;320
645;"Methyl 2-methylbutanoate";868-57-5;380
646;"Methyl 2-methylpropanoate";547-63-7;337
647;"2-Methylbutyl acetate";624-41-9;357
648;"3-Methylbutyl acetate";123-92-2;175
649;"Ethyl acetate";141-78-6;326
650;"Ethyl 2-phenylacetate";101-97-3;332
651;"2-Phenylethyl acetate";103-45-7;283
652;"Butyl acetate";123-86-4;93
653;"Hexyl acetate";142-92-7;336
654;"[(Z)-Hex-3-enyl] acetate";3681-71-8;259
655;"[(E)-3-Phenylprop-2-enyl] acetate";103-54-8;310
656;Ethanol;64-17-5;319
657;Butan-1-ol;71-36-3;5
658;Hexan-1-ol;111-27-3;162
659;Nonan-1-ol;143-08-8;144
660;Heptan-2-ol;543-49-7;335
661;(Z)-Hex-3-en-1-ol;928-96-1;95
662;Oct-1-en-3-ol;3391-86-4;147
663;2-Methylpropan-1-ol;78-83-1;381
664;2-Methylbutan-1-ol;137-32-6;12
665;3-Methylbutan-1-ol;123-51-3;289
666;(2E,6Z)-Nona-2,6-dien-1-ol;28069-72-9;236
667;2-Phenylethanol;60-12-8;282
668;3-Phenyl-2-propen-1-ol;104-54-1;311
669;"Propanoic acid";79-09-4;56
670;"Butanoic acid";107-92-6;19
671;"Pentanoic acid";109-52-4;127
672;"Hexanoic acid";142-62-1;33
673;"Octanoic acid";124-07-2;51
674;"Decanoic acid";334-48-5;198
675;"2-Methylpropanoic acid";79-31-2;111
676;"2-Methylbutanoic acid";116-53-0;181
677;"3-Methylbutanoic acid";503-74-2;34
678;"4-Methyloctanoic acid";54947-74-9;243
679;"4-Ethyloctanoic acid";16493-80-4;299
680;"Acetic acid";64-19-7;18
681;"(E)-3-(4-Hydroxyphenyl)prop-2-enoic acid";501-98-4;382
682;"2-Phenylacetic acid";103-82-2;383
683;"3-Phenylpropanoic acid";501-52-0;293
684;4-Hydroxy-2,5-dimethyl-3(2H)-furanone;3658-77-3;130
685;homofuraneol;27538-10-9;306
686;4-Methoxy-2,5-dimethyl-3(2H)-furanone;4077-47-8;135
687;Abhexone;698-10-2;250
688;5-Butyloxolan-2-one;104-50-7;247
689;6-Propyloxan-2-one;698-76-0;252
690;5-Pentyloxolan-2-one;104-61-0;246
691;5-Hexyloxolan-2-one;706-14-9;244
692;6-Pentyloxan-2-one;705-86-2;384
693;5-Heptyloxolan-2-one;104-67-6;248
694;6-Heptyloxan-2-one;713-95-1;251
695;5-Octyloxolan-2-one;"2305-05-07 00:00:00";245
696;"Whiskey lactone";39212-23-2;358
697;Butane-2,3-dione;431-03-8;98
698;Pentane-2,3-dione;600-14-6;342
699;Pent-1-en-3-one;1629-58-9;129
700;Oct-1-en-3-one;4312-99-6;131
701;Nonan-2-one;821-55-6;341
702;3-Methylheptan-4-one;15726-15-5;291
703;3-Methylnonane-2,4-dione;113486-29-6;241
704;(3R/3S)-3-Hydroxybutan-2-one;513-86-0;240
705;1-(4-Methylphenyl)ethanone;122-00-9;303
706;1-(2-Aminophenyl)ethanone;551-93-9;385
707;5-methylhept-2-en-4-one;102322-83-8;235
708;p-Anethole;104-46-1;267
709;Estragole;140-67-0;266
710;maltol;118-71-8;286
711;1-Benzopyran-2-one;91-64-5;20
712;7-Methoxychromen-2-one;531-59-9;307
713;1-Methyl-4-(prop-1-en-2-yl)benzene;1195-32-0;268
714;Skatole;83-34-1;287
715;1,1-Diethoxyethane;105-57-7;263
716;1-(4,5-Dihydro-1,3-thiazol-2-yl)ethanone;29926-41-8;273
717;1-(3,4-Dihydro-2H-pyrrol-5-yl)propan-1-one;133447-37-7;284
718;2-Pentylpyridine;2294-76-0;280
719;cyclopentadecanone;;386
720;5-Cyclohexadecen-1-one;;387
721;"ethylene brassylate";;101
722;3-methylcyclopentadec-5-en-1-one;;388
723;(8E)-cyclohexadec-8-en-1-one;;389
724;(E)-3-Methylcyclotetradeca-5-ene-1-one;259854-70-1;390
725;3-methylcyclotetradecan-1-one;;391
726;"Musk xylol";;84
727;Benzophenone;;392
728;"ethyl 2-(3-bromophenyl)acetate";;393
729;"methyl 2-(2-methylphenyl)acetate";;394
730;Dipentene;;256
731;1,10-phenanthroline;;395
732;2-Ethoxynaphthalene;;396
733;1,4-bis(4-Vinylphenoxy)butane;;397
734;vanillin;;60
735;ethylvanillin;;301
736;butanol;;5
737;(-)-Carvone;;172
738;(+)-Carvone;;2
739;Guaiacol;;106
740;Butanol;;5
741;Lyral;;38
742;Carvone;;398
743;Eugenol;;28
744;EthylVanillin;;301
745;Octanol;;8
746;Undecanol;;399
747;Undecanal;;59
748;Dodecanal;;400
749;"Undecanedioic acid";;401
750;"6-Bromo-hexanoic acid";;402
751;"8-Bromo-octanoic acid";;403
752;"10-Bromo-decanoic acid";;404
753;"11-Bromo-undecanoic acid";;405
754;"12-Bromo-dodecanoic acid";;406
755;"Undecanoic acid";;407
756;"Dodecanoic acid";;21
757;Pentanal;;202
758;Heptanal;;141
759;"Bromohexanoic acid";;166
760;"8-Bromooctanoic acid";;403
761;"10-Bromodecanoic acid";;404
762;Pentanol;;164
763;Hexanol;;162
764;Heptanol;;163
765;Nonanol;;144
766;Decanol;;408
767;"Butanedioic acid";;159
768;"Pentanedioic acid";;409
769;"Hexanedioic acid";;158
770;"Heptanedioic acid";;410
771;"Octanedioic acid";;411
772;"Nonanedioic acid";;199
773;"Decanedioic acid";;412
774;"Dodecanedioic acid";;413
775;amylbutyrate;;216
776;5-Methyl-5-propyl-2-(1-methylbutyl)-1,3-dioxane;;414
777;2,2,5,5-tetramethyl-4-propan-2-yl-1,3-dioxane;;415
778;2-ethyl-hexanol;;416
779;1-heptanol;;163
780;1-octanol;;8
781;2-octanol;;417
782;3-octanol;;418
783;4-octanol;;419
784;1-nonanol;;144
785;2-nonanol;;420
786;1-decanol;;408
787;1-dodecanol;;7
788;phenylmethanol;;355
789;menthol;;421
790;thymol;;422
791;guaiacol;;106
792;"propionic acid";;56
793;"isobutyric acid";;111
794;"hexanoic acid";;33
795;"octanoic acid";;51
796;"nonanoic acid";;146
797;"decanoic acid";;198
798;"dodecanoic acid";;21
799;"isovaleric acid";;34
800;"Trans-cinnamic acid";;423
801;pyrazine;;117
802;"2-methyl pyrazine";;66
803;undecanal;;59
804;dodecanal;;400
805;benzaldehyde;;424
806;lyral;;38
807;(+/-)-citronellal;;425
808;citral;;96
809;cinnamaldehyde;;215
810;Para-anisaldehyde;;53
811;vanilin;;60
812;2-octanone;;426
813;3-octanone;;427
814;2-nonanone;;341
815;3-nonanone;;428
816;2-decanone;;429
817;2-dodecanone;;430
818;3-hydroxybutan-2-one;;240
819;Sulcatone;;431
820;"piperonyl acetone";;432
821;Beta-ionone;;192
822;ACETOPHENONE;;82
823;hedione;;433
824;camphor;;434
825;"isoamyl acetate";;175
826;"ethyl butyrate";;328
827;"ethyl isobutyrate";;322
828;"butyl butyrate";;200
829;"ethyl hexanoate";;330
830;"ethyl heptanoate";;435
831;"ethyl octanoate";;26
832;"ethyl nonanoate";;436
833;"ethyl decanoate";;22
834;"methyl hexanoate";;437
835;"methyl heptanoate";;438
836;"methyl octanoate";;44
837;"methyl nonanoate";;439
838;"methyl decanoate";;40
839;"methyl salicylate";;114
840;"geranyl acetate";;105
841;"dimethyl sulfide";;313
842;"S-methyl thiobutanoate";;440
843;thiazol;;441
844;benzothiazol;;442
845;cumarin;;20
846;Gamma-decalactone;;244
847;pyridin;;232
848;quinolin;;230
849;indol;;443
850;anisol;;174
851;Trans-anethol;;267
852;cineol;;94
853;estragol;;266
854;safrol;;444
855;citralva;;156
856;limonene;;256
857;(R)-(-)-Carvone;;172
858;(S)-(+)-Carvone;;2
859;Citronellal;;425
860;Trans-2-octenal;;445
861;trans,trans-2,4-octadienal;;446
862;2,5,7-trimethyloct-2-enal;;447
863;(+)-carvone;;2
864;L-carvone;;172
865;(-)-fenchone;;103
866;Citral;;96
867;(+)-fenchone;;448
868;"(-)-rose oxide";;449
869;"(+)-rose oxide";;239
870;(-)-camphor;;450
871;(S)-(-)-limonene;;1
872;(R)-(+)-1-phenylethanol;;451
873;"(S)-(+)-2-phenylbutyric acid";;452
874;"(R)-(-)-2-phenylbutyric acid";;453
875;2-hexanone;;454
876;1-pentanol;;164
877;2-butanol;;455
878;1-propanol;;9
879;(-)-menthol;;85
880;(R)-(-)-2-heptanol;;456
881;(-)-alpha-terpineol;;369
882;(+)-menthol;;3
883;2-methyl-2-heptanol;;457
884;(S)-(+)-2-octanol;;458
885;(S)-(+)-2-butanol;;459
886;(S)-(+)-2-heptanol;;460
887;(-)-beta-citronellol;;176
888;(S)-(-)-1-phenylethanol;;461
889;propionaldehyde;;343
890;trans-cinnamaldehyde;;215
891;heptaldehyde;;141
892;"pentanoic acid";;127
893;"methyl propionate";;462
894;"tert-butyl propionate";;463
895;"methyl butyrate";;338
896;"propyl butyrate";;464
897;"pentyl acetate";;79
898;dimethylpyrazine;;63
899;isobutylamine;;465
900;2-pentanone;;201
901;2-butanone;;86
902;(1S)-(-)-a-pinene;;370
903;phenetole;;466
904;"butyl methyl ether";;467
905;(R)-(+)-pulegone;;468
906;benzene;;227
907;"benzyl alcohol";;355
908;isopentylamine;;469
909;Gamma-Caprolactone;;470
910;octene;;471
911;"allyl heptanoate";;472
912;a-amylcinnamaldehyde;;473
913;"amyl hexanoate";;474
914;"Amyl butyrate";;216
915;anethole;;267
916;anisaldehyde;;53
917;benzophenone;;392
918;"benzyl acetate";;475
919;"benzyl salicylate";;476
920;"butyl heptanoate";;477
921;(+)-camphor;;478
922;"cedryl acetate";;479
923;"cinnamyl alcohol";;311
924;citronellol;;480
925;coumarin;;20
926;p-cymene;;54
927;dimedone;;219
928;eucalyptol;;94
929;"heptyl isobutyrate";;481
930;"hexyl acetate";;336
931;Alpha-Hexylcinnamaldehyde;;482
932;"isobornyl acetate";;483
933;hydroxycitronellal;;150
934;"p-tolyl isobutyrate";;484
935;"o-tolyl isobutyrate";;485
936;"p-tolyl phenylacetate";;486
937;2-methoxy-3-methyl-pyrazine;;487
938;2-methoxypyrazine;;64
939;myrcene;;340
940;Omega-Pentadecalactone;;77
941;"prenyl acetate";;488
942;2-phenylethanol;;282
943;"2-phenethyl acetate";;283
944;triethylamine;;489
945;"methyl eugenol";;71
946;butyraldehyde;;490
947;valeraldehyde;;202
948;"azelaic acid dichloride";;491
949;"azelaic acid";;199
950;"vanillic acid";;492
951;4-ethylphenol;;300
952;"ethyl vanillin";;301
953;2-ethylphenol;;493
954;2-Coumaranone;;494
955;Benzaldehyde;;424
956;4-Chromanone;;495
957;"Piperonyl alcohol";;496
958;4-Hydroxycoumarin;;497
959;"(S)-2-Phenylbutanoic acid";;452
960;(+)-Camphor;;478
961;(+)-Dihydrocarvone;;498
962;(+)-Fenchone;;448
963;"(R)-(-)-2-Phenylbutyric acid";;453
964;(-)-Camphor;;450
965;(-)-Fenchone;;103
966;(-)-beta-Citronellol;;176
967;1-Decanol;;408
968;1-Heptanol;;163
969;1-Hexanol;;162
970;1-Nonanol;;144
971;1-Octanol;;8
972;1-Pentanol;;164
973;2-Heptanone;;81
974;2-Hexanone;;454
975;2-Octanone;;426
976;2-Pentanone;;201
977;2,3-Hexanedione;;499
978;3-Heptanone;;500
979;3-Octanone;;427
980;3,4-Hexanedione;;501
981;Acetophenone;;82
982;"Allyl benzene";;502
983;"Allyl heptanoate";;472
984;"Allyl phenylacetate";;217
985;"Amyl hexanoate";;474
986;Benzene;;227
987;"Benzyl acetate";;475
988;"Butyl butyryllactate";;503
989;"Butyl formate";;504
990;Cyclohexanone;;80
991;Dihydrojasmone;;225
992;"Ethyl isobutyrate";;322
993;Nonanethiol;;505
994;Octanethiol;;224
995;"Phenyl acetate";;506
996;"Prenyl acetate";;488
997;"Propionic acid";;56
998;"Vanillic acid";;492
999;gamma-Caprolactone;;470
1000;Androstenone;;91
1001;4-chromanone;;495
1002;Diacetyl;;98
1003;"butanoic acid";;19
1004;Delta-decalactone;;384
1005;1-butanol;;5
1006;2-decenal;;507
1007;2-ethylfenchol;;88
1008;2-methoxy-4-methylphenol;;89
1009;"4-methylvaleric acid";;90
1010;androstadienone;;104
1011;androstenone;;91
1012;"butyl acetate";;93
1013;"caproic acid";;33
1014;cineole;;94
1015;cis-3-hexen-1-ol;;95
1016;"decyl aldehyde";;97
1017;"diallyl sulfide";;99
1018;"diphenyl ether";;100
1019;"eugenol acetate";;102
1020;"eugenol methyl ether";;71
1021;fenchone;;234
1022;"heptyl acetate";;107
1023;"hexyl butyrate";;108
1024;"isobornyl acetate";;508
1025;isoeugenol;;112
1026;methanethiol;;113
1027;"nonyl aldehyde";;47
1028;"octyl acetate";;115
1029;"octyl aldehyde";;50
1030;pentadecalactone;;77
1031;"phenyl acetaldehyde";;116
1032;r-carvone;;172
1033;r-limonene;;509
1034;terpineol;;118
1035;"terpinyl acetate";;119
1036;Androstadienone;;104
1037;"4-methyl-valeric acid";;90
1038;"3-methyl-valeric acid";;510
1039;"2-Methylvaleric acid";;511
1040;"Citric acid";;512
1041;"Butyric acid";;19
1042;"Tetradecanoic acid";;58
1043;"Hexadecanoic acid";;52
1044;"Benzoic acid";;513
1045;"2-methylvaleric acid";;511
1046;"heliotropyl acetone";;514
1047;Helional;;139
1048;Piperonal;;264
1049;Safrole;;444
1050;Vanillin;;60
1051;lilial;;36
1052;pyridine;;232
1053;D-carvone;;2
1054;Isoeugenol;;112
1055;Safrol;;444
1056;Allybenzene;;502
1057;"Syringic aldehyde";;515
1058;heliotropine;;264
1059;2-methoxy-4-ethylphenol;;376
1060;Ethyleugenol;;516
1061;(Z)-4-undecenal;;517
1062;(6Z)-6-undecenal;;518
1063;(Z)-4-nonenal;;519
1064;(-)-Beta-Citronellol;;176
1065;(-)-Camphene;;520
1066;(-)-Dihydrocarveol;;521
1067;"(-)-limonene oxide";;522
1068;(-)-Menthone;;143
1069;(-)-Perillaaldehyde;;523
1070;(+)-2-Heptanol;;460
1071;(+)-2-Octanol;;458
1072;(+)-Camphene;;524
1073;(+)-Camphor;;434
1074;(+)-Dihydrocarveol;;525
1075;"(+)-Limonene oxide,mixture of cis and trans";;526
1076;(+)-Perillaaldehyde;;527
1077;(+)-Pulegone;;468
1078;2-Butanol;;455
1079;"Diethyl sulfide";;528
1080;1,9-nonanediol;;529
1081;1-Undecanol;;399
1082;"2-Bromohexanoic acid";;166
1083;"2-Bromooctanoic acid";;165
1084;2-bromophenol;;530
1085;2-Butanone;;86
1086;2-Ethylphenol;;493
1087;2-Methoxy-3-Methyl-pyrazine;;487
1088;"2-Methylbutyric acid";;181
1089;"2-Phenethyl acetate";;283
1090;2-sec-Butyl-3-methoxypyrazine;;68
1091;4-hydroxycoumarin;;497
1092;"6-Bromohexanoic acid";;402
1093;(R)-(+)-Limonene;;360
1094;2-Methyl-1-propanethiol;;220
1095;Tetrahydropyran;;531
1096;a-Amylcinnamaldehyde;;473
1097;"alpha-Amylcinnamaldehyde dimethyl acetal";;532
1098;alpha-Hexylcinnamaldehyde;;482
1099;Anethole;;267
1100;Anisaldehyde;;53
1101;ANISOLE;;174
1102;"Benzaldehyde dimethyl acetal";;533
1103;Pentamethylbenzaldehyde;;534
1104;"Benzyl salicylate";;476
1105;beta-Damascone;;535
1106;beta-ionone;;192
1107;Bis(2-methyl-3-furyl)disulphide);;536
1108;Butanal;;490
1109;"Butyl heptanoate";;477
1110;calone;;537
1111;"Cedryl acetate";;538
1112;Cinnamaldehyde;;215
1113;cis-4-Decenal;;187
1114;cis-6-Nonenal;;539
1115;"Cyclobutanecarboxylic acid";;540
1116;"sebacic acid";;412
1117;"Decanoic Acid";;198
1118;"Dihydro Myrcenol";;541
1119;Dimedone;;219
1120;"Dimethyl anthranilate";;542
1121;(E)-beta-farnesene;;543
1122;"Ethyl 2-methylbutyrate";;321
1123;"Ethyl 2-methylpentanoate";;544
1124;"Ethyl disulfide";;545
1125;"Ethyl isovalerate";;324
1126;"ethyl maltol";;546
1127;"Ethyl vanillin";;301
1128;Eucalyptol;;94
1129;"Eugenol methyl ether";;71
1130;Farnesene;;197
1131;"Heptyl isobutyrate";;481
1132;"Hexanoic Acid";;33
1133;Hydroxycitronellal;;150
1134;"Iso E Super";;547
1135;"Isobornyl acetate";;508
1136;ISOAMYLAMINE;;469
1137;"Isovaleric Acid";;34
1138;"Methyl disulfide";;315
1139;"Methyl salicylate";;114
1140;"5-Cyclopentadecen-1-one, 3-methyl-";;388
1141;"n-Decyl acetate";;548
1142;"Neryl isobutyrate";;549
1143;"Nonanedioic Acid";;199
1144;"Nonanoic Acid";;146
1145;"octanedioic acid (suberic acid)";;411
1146;"Octyl formate";;550
1147;"o-Tolyl isobutyrate";;485
1148;"Pentanoic Acid";;127
1149;"Pentyl acetate";;79
1150;"Pentyl propionate";;551
1151;"Piperonyl acetate";;552
1152;"Propionic Acid";;56
1153;"p-Tolyl isobutyrate";;484
1154;"p-Tolyl phenylacetate";;486
1155;Pyrazine;;117
1156;QUINOLINE;;230
1157;Tetrahydrofuran;;553
1158;trans-2,cis-6-Nonadienal;;184
1159;trans-2-Dodecenal;;554
1160;"Tiglic aldehyde";;555
1161;trans-2-Undecenal;;254
1162;Triethylamine;;489
1163;"Vanillic Acid";;492
1164;omega-Pentadecalactone;;77
1165;"octanedioic acid";;411
1166;"nonanedioic acid";;199
1167;"4-Bromobutyric acid";;556
1168;"5-Bromopentanoic acid";;557
1169;"6-bromohexanoic acid";;402
1170;"8-bromooctanoic acid";;403
1171;"hexanedioic acid";;158
1172;"heptanedioic acid";;410
1173;Canthoxal;5462-06-6,;558
1174;(4-tert-butylphenoxy)acetaldehyde;72928-50-8;559
1175;3-Phenylpropionaldehyde;104-53-0;560
1176;4-phenylbutyraldehyde;18328-11-5;561
1177;phenylacetaldehyde;122-78-1;116
1178;3-Phenyl-1-butanol;2722-36-3;562
1179;anethol;104-46-1;267
1180;isopropylbenzene;98-82-8;563
1181;Trans-cinnamaldehyde;104-55-2;215
1182;Benzenepentanal;36884-28-3;564
1183;(+)-Menthone;;565
1184;Benzaldehyde;100-52-7;424
1185;(-)-Carveol;;566
1186;"Allylphenyl acetate";;217
1187;2,3-Butanedione;;98
1188;2,3-Pentanedione;;342
1189;2,3-Heptanedione;;10
1190;3-Methyl-2,4-pentanedione;;567
1191;6-Methyl-2,4-heptanedione;;568
1192;2,4-Octanedione;;569
1193;2,4-Nonanedione;;570
1194;"3-phenyl propionic acid";501-52-0;293
1195;Cyclamal;103-95-7;571
1196;3-phenylbutyraldehyde;16251-77-7;75
1197;Floralozone;67634-15-5;572
1198;Lilial;80-54-6;36
1199;Bourgeonal;18127-01-0;92
1200;Phenylpropanol;;573
1201;Phenylethanol;;282
1202;"4-Methoxybenzyl formate";;574
1203;"piperonyl acetate";;552
1204;"raspberry ketone";;160
1205;isovaleraldehyde;;290
1206;"Aldehyde MNA";;575
1207;Isobutyraldehyde;;110
1208;Hydrocinnamaldehyde;;560
1209;Bourgeonal;;92
1210;Methylcinnamaldehyde;;576
1211;Homocamfin;;577
1212;3-Phenylbutyraldehyde;;75
1213;3-methyl-5-phenylpentanal;;578
1214;Lilial;;36
1215;2-Methyl-3-phenylpropanal;;579
1216;3-(4-methoxyphenyl)-2-methylpropanal;;558
1217;jasmorange;;580
1218;"maltyl isobutyrate";65416-14-0;581
1219;fructone;6413-10-1;582
1220;"eugenyl acetate";93-28-7;102
1221;"benzyl acetate";140-11-4;475
1222;"bornyl acetate";76-49-3;508
1223;manzanate;39255-32-8;544
1224;hedione;24851-98-7;433
1225;jasmopyrane;18871-14-2;583
1226;"Isoamyl allylglycolate";67634-00-8;584
1227;"linalyl acetate";115-95-7;585
1228;scentenal;86803-90-9;586
1229;cinnamaldehyde;104-55-2;215
1230;benzaldehyde;100-52-7;424
1231;citronellal;106-23-0;425
1232;floralozone;67634-15-5;572
1233;3-(4-tert-butylphenyl)butanal;80-54-6;587
1234;nerolidol;7212-44-4;191
1235;carvacrol;499-75-2;588
1236;undecavertol;81782-77-6;589
1237;"amber core";139504-68-0;590
1238;"benzyl alcohol";100-51-6;355
1239;dimetol;13254-34-7;591
1240;2-HEPTANONE;110-43-0;81
1241;Oxacyclohexadecan-2-one;81031-90-5;77
1242;"Methyl ionone";1335-46-2;592
1243;beta-ionone;14901-07-6;192
1244;gamma-octalactone;104-50-7;247
1245;alpha-damascone;43052-87-5;593
1246;Jasmonyl;;594
1247;2,4-dimethyl-4-phenyloxolane;82461-14-1;595
1248;"alpha- pinene";80-56-8;15
1249;"para-methyl anisole";104-93-8;596
1250;Bourgeonal;1205-17-0;92
1251;Jasmone;;597
1252;"rose oxide";;239
1253;Nootkatone;;138
1254;"methyl vanillate";;598
1255;"methyl isoeugenol";;599
1256;Ambrettolide;;67
1257;(e)-8-Cyclohexadecen-1-one;;600
1258;5-Methyl-2-(1-methylbutyl)-5-propyl-1,3-dioxane;;414
1259;Terpineol;;118
1260;Limonene;;256
1261;Dimetol;;591
1262;Butanone;;86
1263;Nerol;;76
1264;Sandranol;;601
1265;(5E)-3-methylcyclopentadec-5-en-1-one;;602
1266;Galaxolide;;122
1267;D-alanyl-d-alanine;923-16-0;603
1268;AFMK;52450-38-1;604
1269;Gamma-CEHC;178167-77-6;605
1270;"Hydroxypyruvic acid";1113-60-6;606
1271;adenosine-2’-3’-c-phosphate;634-01-5;607
1272;"Cyclopropanecarboxylic acid";;608
1273;"L-glyceric acid";28305-26-2;609
1274;"19-OH AD";510-64-5;610
1275;Androstanedione;846-46-8;611
1276;"N-Acetylglutamic acid";1188-37-0;612
1277;Kojibiose;;613
1278;Bradykinin;58-82-2;614
1279;Imidazolone;1192-34-3;615
1280;Pelargonidin;134-04-3;616
1281;Glycine;56-40-6;617
1282;"2-Ketoglutaric acid";328-50-7;618
1283;Urea;57-13-6;619
1284;L-Histidinol;4836-52-6;620
1285;8-Hydroxyguanine;5614-64-2;621
1286;2-Pyrrolidinone;616-45-5;622
1287;Epitestosterone;481-30-1;623
1288;Estriol;50-27-1;624
1289;Tetrahydrocurcumin;36062-04-1;625
1290;Alpha-n-phenylacetyl-l-glutamine;28047-15-6;626
1291;Testosterone;58-22-0;627
1292;Stearoylethanolamide;111-57-9;628
1293;Androstenedione;23139;629
1294;Palmitoylethanolamide;544-31-0;630
1295;"Pentadecanoic acid";1002-84-2;55
1296;D-maltose;69-79-4;631
1297;Orotidine;314-50-1;632
1298;Acetaminophen;5190374;633
1299;"Arachidonic acid";506-32-1;634
1300;12,13-Epome;;635
1301;"13-cis-Retinoic acid";4759-48-2;636
1302;N-acetylvanilalanine;;637
1303;19-Nortestosterone;434-22-0;638
1304;N1-Acetylspermidine;14278-49-0;639
1305;Glyceraldehyde;56-82-6;640
1306;Homo-l-arginine;156-86-5;641
1307;N8-Acetylspermidine;34450-15-2;642
1308;"4-Acetamidobutanoic acid";3025-96-5;643
1309;"2,3-Diaminopropionic acid";4033-39-0;644
1310;"Asymmetric dimethylarginine";30315-93-6;645
1311;"Ureidopropionic acid";464-88-4;646
1312;"Ureidoisobutyric acid";2905-86-4;647
1313;N-Acetylputrescine;18233-70-0;648
1314;Lipoamide;940-69-2;649
1315;Histamine;51-45-6;650
1316;Hydroxyacetone;;651
1317;Normetanephrine;97-31-4;652
1318;Moskene;;653
1319;"Musk ketone";;134
1320;"Musk ambrette";;654
1321;"cyclopentenyl propionate musk";;655
1322;Tetrahydromyrcenol;;656
1323;sylkolide;;657
1324;helvetolide;;203
1325;crysolide;;152
1326;tonalid;;151
1327;Phantolide;;658
1328;Cashmeran;;153
1329;Traseolide;;659
1330;Moxalone;;660
1331;Vernolide;;661
1332;"Ethylene brassylate";;101
1333;Exaltolide;;77
1334;1,16-hexadecalactone;;662
1335;Exaltenone;;663
1336;1,7-dioxacycloheptadecan-8-one;;664
1337;Velvione;;665
1338;Cyclopentadecanone;;386
1339;Muscone;;48
1340;Civetone;;666
1341;1,4-dioxacyclohexadecane-5,16-dione;;667
1342;Cervolide;;668
1343;Nirvanolide;;669
1344;Isoambrettolide;;670
1345;Habanolide;;78
1346;"Oxalide T";;671
1347;2,6-dimethyl-7-octen-2-ol;;672
1348;"Citral dimethyl acetal";;173
1349;Dihydroisojasmonate;;673
1350;(E),(E)-2,4-Decadienal;;183
1351;gamma-undecalactone;;248
1352;Myrcenol;;674
1353;delta-dodecalactone;;251
1354;Coranol;;675
1355;Zinarine;;676
1356;Rosaphen;;677
1357;"benzyl acetone";;678
1358;"Methyl heptenone";;431
1359;Tetrahydrolinalool;;679
1360;Tetrahydrogeraniol;;680
1361;1-octyl-2-pyrrolidone;;681
1362;Pivarose;;682
1363;"Methyl naphthyl ketone";;683
1364;Mefrosol;;684
1365;Floridile;;685
1366;"Violet nitrile";;686
1367;Florymoss;;687
1368;delta-undecalactone;;688
1369;Dihydromyrcenol;;672
1370;Citronellol;;480
1371;Methyl-trans-cinnamate;;345
1372;Hypo-lem;;689
1373;cis-5-octen-1-ol;;690
1374;cis-6-nonen-1-ol;;691
1375;"Ethyl linalool";;692
1376;Petiole;;693
1377;"Citronellyl nitrile";;694
1378;Frutonile;;695
1379;"benzyl isobutyrate";;696
1380;"Phenyl ethyl isovalerate";;697
1381;7-octen-1-ol;;698
1382;Isojasmone;;699
1383;gamma-dodecalactone;;245
1384;9-decen-1-ol;;700
1385;"Ethyl p-anisate";;701
1386;"Nerolidyl acetate";;702
1387;"dimethyl ethyl phenyl carbinol";;703
1388;"allyl cyclohexylpropionate";;704
1389;Jasmatone;;705
1390;3-methyl-3-nonanol;;706
1391;(S)-(-)-Citronellal;;178
1392;"benzyl butyrate";;707
1393;Empetal;;708
1394;Quintone;;709
1395;"Methyl tuberate";;710
1396;"Benzyl propionate";;711
1397;"Phenyl ethyl acetate";;283
1398;beta-methylphenylethylamine;;712
1399;d-tetradecalactone;;713
1400;delta-2-decenolactone;;714
1401;trans-2-nonenal;;128
1402;undecene-2-nitrile;;715
1403;"3-Octyl acetate";;716
1404;5-decanol;;717
1405;2-heptylcyclopentanone;;718
1406;"Citronellyl oxyacetaldehyde";;719
1407;gamma-decalactone;;244
1408;7-Methylindole;;720
1409;Nonalactone;;721
1410;"Cinnamyl nitrile";;722
1411;Clonal;;723
1412;"2-Phenoxyethyl isobutyrate";;724
1413;5-Methylindole;;725
1414;"Ethyl phenyl glycidate";;726
1415;"Anisyl acetate";;727
1416;"Geranyl formate";;728
1417;"Neryl acetate";;729
1418;delta-Nonalactone;;730
1419;delta-tridecalactone;;731
1420;"Geranyl propionate";;732
1421;para-methoxyacetophenone;;733
1422;"Tetrahydro citral";;734
1423;d-decalactone;;384
1424;"Geranyl butyrate";;735
1425;"Geranyl acetate";;105
1426;1-Methylindole;;736
1427;"Methyl nicotinate";;737
1428;"musk xylene";;84
1429;"musk tibetene";;738
1430;"musk ambrette";;654
1431;Cosmone;;739
1432;"Musk MC4";;667
1433;Muscenone;;388
1434;Thibetolide;;77
1435;Helvetolide;;203
1436;Serenolide;;608
1437;Sylkolide;;657
1438;"1-(3,3-dimethylcyclohexyl)ethyl acetate";;740
1439;"acetic acid";;18
1440;"propanoic acid";;56
1441;"2-methylhexanoic acid";;741
1442;"3-methylhexanoic acid";;742
1443;"(E)-3-methyl-2-hexenoic acid";;743
1444;"3-hydroxy-3-methylhexanoic acid";;744
1445;"2-methylheptanoic acid";;745
1446;"4-ethyloctanoic acid";;299
1447;"undecanoic acid";;407
1448;"benzoic acid";;513
1449;"phenylacetic acid";;383
1450;2-Ethyl-3,5-dimethylpyrazine;;746
1451;2-Methoxy-3-(1-methylpropyl)pyrazine;;68
1452;2-sec-Butyl-3-methoxypyridine;;747
1453;2-isobutyl-3-methoxypyridine;;748
1454;Sotolon;;57
1455;"5-norbornene-2-carboxylic acid";;749
1456;Delta-undecalactone;;688
1457;"Ethyl 2-mercaptopropionate";;750
1458;L-Carvone;6485-40-1;172
1459;cis-3-hexanol;928-96-1;95
1460;"anis aldehyde";123-11-5;53
1461;"methyl beta-naphthyl ketone";93-08-3;751
1462;2-Ethyl-3,5(6)-dimethylpyrazine;;752
1463;2-Acetyl-3,5(6)-dimethylpyrazine;;753
1464;2-Ethyl-5(6)-methylpyrazine;;754
1465;"2-Ethyl-3,5(6)-dimethylpyrazine, sum of isomers";;752
1466;"methyl (2R)-2/(2S)-2/3-methylbutanoate, sum of isomers";;755
1467;Amines;;756
1468;Alcohols;;757
1469;Aldehydes;;758
1470;Ketones;;759
1471;Acids;;760
1472;Esters;;761
1473;Benzenes;;762
1474;Vaniline-like;;763
1475;Lactones;;764
1476;"Butter aroma recombinate (diacetyl, butanoic acid, delta-decalactone)";;765
1477;"cis-3-hexenol trans-2-hexenal";;766
1478;MCMP;;767
1479;"L-Carvone d-Carvone cis-3-hexenol anis aldehyde methyl-beta-naphthyl ketone linalool";;768
